champion,highestCrowdControlScore,timeCCingOthers,totalTimeCCDealt,assists,deaths,kills,kda,takedowns,doubleKills,damageSelfMitigated,killingSprees,largestKillingSpree,largestMultiKill,damagePerMinute,totalDamageDealtToChampions,totalDamageShieldedOnTeammates,totalHeal,effectiveHealAndShielding,totalHealsOnTeammates,totalTimeSpentDead,damageTakenOnTeamPercentage,totalDamageTaken,immobilizeAndKillWithAlly,killAfterHiddenWithAlly,killParticipation,multikills,multikillsAfterAggressiveFlash,outnumberedKills,skillshotsDodged,skillshotsHit,soloKills,survivedSingleDigitHpCount,survivedThreeImmobilizesInFight,teamBaronKills,teamElderDragonKills,teamRiftHeraldKills,teamDamagePercentage,tookLargeDamageSurvived
Amumu,0.14548511085611576,0.19240707773705346,0.04089293479594397,0.5566285354302081,0.7289221450935524,0.2772097724680125,0.07809593017538552,0.4274715593734997,0.13108541627188944,0.39876590101384224,0.17444311244018085,0.20151229887857075,0.22042611967155046,0.2668719811454476,0.297374762462375,0.0018538451752798863,0.14970906547357993,0.003462301237150889,0.0073069537846135926,0.7175540340207527,0.7012139423998459,0.7107790707602201,0.9227431068771107,0.4464180722320834,0.1933749965693683,0.10463938974041584,0.20442440835451797,0.24604263603672055,0.43379334182749285,0.17172885422542375,0.2352651609419932,0.5198146786418351,0.3192358020593964,0.7565685410941181,0.5636911736286541,0.5198195783942816,0.2843915220819635,0.10303567069418748
Belveth,0.01095416054930225,0.08473196016366136,0.10721912052827587,0.10417579089148532,0.27803309808336163,0.674359642881224,0.46306708596102064,0.2602297184137181,0.29493874653199703,0.2752940599930642,0.6816267514620443,0.7950009231682627,0.4040207552615682,0.27076292337466407,0.2338577402333542,3.6944646799843845e-05,0.1819839624815947,4.409391860577646e-05,5.102182916644635e-05,0.2860985005369685,0.7555222877461413,0.5970179336354989,0.5489900613095581,0.447548936301698,0.36781918194235086,0.2502122892856635,0.2534510504665691,0.4274263087201656,0.18154548544368765,0.023534759659967337,0.5940436280147444,0.5386281073020606,0.4831133345018487,0.2965331951061865,0.03893211193374324,1.0,0.3492266436730421,0.06120736904508898
Briar,0.051743099985989825,0.1440707048840449,0.0765946502446673,0.2194878833065549,1.0,0.7774456289612766,0.0,0.541192775434371,0.3506344628981012,0.4053776619573337,0.6904521708649636,0.602347641083151,0.4544895042414119,0.45320846709670753,0.48521226464488426,0.0,0.5949615053326434,2.2568388221735522e-05,8.500628817898075e-05,0.9652557070345804,0.8247708874437941,0.8498415806171943,0.9015337278706754,0.4080566952629616,0.30160238382471016,0.3000231576781195,0.3620053854374946,0.4698546829813959,0.5380491811154746,0.07733603933869211,0.6353099586581012,0.22960551512830352,0.377560746117368,0.545001535846589,0.4340087442878421,0.17798764421397384,0.478324603155589,0.2355786729913466
Diana,0.0,0.030476948442471598,0.026141927641432125,0.20963117073612092,0.7052888337818302,0.6461887930963512,0.1788809197657648,0.3750639506848028,0.3793604529092196,0.46181426929793223,0.5892946487910856,0.5926676094331429,0.46891423280175504,0.47961475496594824,0.47162719955762683,0.00014924766741085665,0.06904373418116247,0.0014247540372313583,0.004922568279666245,0.7681560404121093,0.5574798059138218,0.47530345021643117,0.3992464710442502,0.5064843772415575,0.3627691626912428,0.3243336496217174,0.39799482523332824,0.5008471884858084,0.3762120254989556,0.22423206678186086,0.5397509648127607,0.05499292932268807,0.3761726055908612,0.5960831536598179,0.4328245164297366,0.5396759918997975,0.5421907132537036,0.06630798313217973
Ekko,0.01158441035667563,0.09050565938112334,0.18430870600455068,0.18093546696443508,0.4966661202380114,0.7338958621312308,0.2906846271135637,0.4379948894694281,0.45107207942669403,0.25969248720233307,0.7564313923073419,0.7502803338363957,0.5550799397917754,0.4353733815558188,0.4521112139266608,0.0,0.21050351749857715,0.0008094980911368799,0.0030611140706428524,0.5039655059548276,0.759654164475028,0.7447592329705982,0.19356909394329072,0.5373123524155181,0.3506624841688626,0.39766732740504845,0.4315667527301382,0.5365403523444987,0.33003880344795,0.33640218385775195,0.43077819429207553,0.9312932196699798,0.39557407848082815,0.30017178094487473,0.34543619911478196,0.3550631004607028,0.4930616876079912,0.0065927631412492265
Elise,0.039542812764032674,0.12719805373072243,0.015560706657379367,0.2618559973645047,0.5102065610984503,0.7189317389948249,0.3081561154071273,0.5337440557087985,0.3251119558677754,0.07311395851329058,0.7130340737787965,0.6968955936843906,0.43229213511023534,0.42283558374471836,0.41846354526011426,0.0,0.14031949238304214,0.0016322464376018592,0.006172200224760522,0.4658380526488153,0.5797820239991692,0.4910595483197343,0.5279585318193608,0.8104323060372292,0.4722515730266408,0.26811875494307275,0.22908565605077608,0.4209104607884562,0.36143156835833135,0.004043682454453245,0.44360974863688063,0.48378031301257096,0.1289685088229232,0.4949252407815057,0.27249269979057605,0.524040840676367,0.4807138583274504,0.0
Evelynn,0.0,0.053714196448933584,0.03364079019611768,0.19214556695919294,0.3665100030336055,0.8545427045052509,0.48038034068453705,0.5956815907555524,0.3160885603641125,0.143658257313746,0.9485680237617365,0.9834221293050689,0.41600199167536633,0.4900642638844119,0.49921292419839064,0.0,0.17544389642884944,0.003022827814965901,0.011429621232259648,0.3872011598269731,0.6201380522392183,0.5639348431453114,0.44438045453459296,0.560320820973049,0.4613775089148935,0.25718443760695026,0.36250136941294875,0.5192514063887589,0.2925102275224748,0.31019782107066296,0.7574095033783284,0.6606013717131815,0.19290345605269132,0.5732203218131744,0.2835759749057856,0.448320257655733,0.5407259235038595,0.0
FiddleSticks,0.4150393204595876,0.2590059879906419,0.3839059298916201,0.4400468198093104,0.5102990001853662,0.38025095272829723,0.21240870972803128,0.3854867091251415,0.22523518001582263,0.17304265867057697,0.3523751904396949,0.3450156296020282,0.33289936970376877,0.3560180688405366,0.3867025421393973,0.0,0.27282751004992933,0.0027433459851967648,0.010373334688574612,0.5538529135700727,0.7556072482245181,0.7383689084377129,0.7475935160295102,0.633926671123195,0.3263026553056556,0.19082792066817073,0.3605703560263087,0.3172900260552778,0.1489952784629397,0.06448232310684066,0.22619434023110627,0.029776104012829263,0.085811061693717,0.4375567511467606,0.3799761388814492,0.13921284260057654,0.4073021573141604,0.0
Gragas,0.08281218920316664,0.1664880942990299,0.17626652433147966,0.34299478660207916,0.41037742513219166,0.5851967003130958,0.3668013591463699,0.49044225466617375,0.28590985525930734,0.23679311961706753,0.5703172996255129,0.5855546882405018,0.40652278208576065,0.4383630188804633,0.4776707462891611,0.0,0.21094202186493027,0.0008471884202154968,0.003202872254037096,0.42861810096622244,0.6425453289556454,0.6253439797211465,0.9020966319594745,0.716337187616561,0.33029654171382017,0.2481288399003242,0.3553649981272333,0.332594700379548,0.291914630117987,0.08805565597452872,0.35468310366480726,0.31657730116175153,0.25941606098272985,0.6524056722253899,0.14834666873818586,0.3849327293788405,0.4757075213470483,0.01824346625858913
Graves,0.0029716728548858907,0.08388299700134547,0.20060632524928873,0.10954406621414703,0.535707085901679,0.7603671058360431,0.23081340616644597,0.3689105346602246,0.506559242739415,0.13067654563223804,0.7767208244214169,0.7238118600508194,0.5760715742071856,0.49095006691558835,0.4918296433085317,0.0,0.06396425023352495,0.0,0.0,0.5471283202577857,0.4888565707455842,0.3897262258179588,0.000871365503582707,0.7197606640060119,0.40625133157141535,0.45349090477440424,0.5786011623996208,0.3487751440184749,0.10578658722179124,0.30064924348634886,0.39620737073696743,0.3445986994399798,0.15944483184265457,0.39748565232132504,0.3587918044104247,0.38817030407567654,0.5722178095189487,0.0071030329193977094
Gwen,0.0,0.023299451088011132,0.05074212739600861,0.013878686217073888,0.579861812781977,0.616685967010502,0.07448768247278126,0.06565960223947442,0.5213456155454198,0.30308006022830924,0.5805073110252879,0.585643633965304,0.5873589959269265,0.5141342348340534,0.5228305972386385,0.0,0.23507199315024413,0.0002944671525312683,0.0011130737905145174,0.636030171546146,0.838805100098141,0.8152548095536977,0.0003711903773965025,0.1436031331592691,0.11569326829660254,0.4658255029781754,0.005131998848881458,0.5563480185370699,0.43392125091350686,0.5140605057678834,0.5586998653220775,0.0,0.312735931238748,0.36470539555419723,0.22874258221623284,0.3712665445094625,0.5981490229340114,0.04580696419276184
Hecarim,0.004175497323598452,0.08808113952424076,0.0399710498068252,0.3247460701695728,0.47898934176421726,0.6589825228856392,0.36427773942001074,0.5515340169327683,0.4612974834774958,0.46641208417660296,0.644269452798742,0.7085050685799794,0.5277777332079607,0.4610966133195639,0.44118429409344045,0.0,0.34216307358488535,0.0,0.0,0.5082529123343309,1.0,0.9594880846417911,0.7306363762621159,0.30371689282443204,0.5152497338607303,0.3958196748862151,0.0,0.5364430032880877,0.3709568908207128,0.082670270164033,0.5369573359330031,0.36367033551789196,0.5148096355635473,0.25090861228580863,0.2230733599936141,0.45405762986941656,0.5062042359072423,0.22337244765685355
Ivern,0.3924875365308579,0.2665734783335561,0.07579222799552612,1.0000000000000002,0.0,0.0,1.0,0.7211325247832576,0.0,0.024601336549356367,0.0,0.0,0.0,0.0,0.0,1.0,0.0,1.0,0.6680477448816746,0.0,0.0,0.0,0.6814363663508995,0.7920605894939252,1.0,0.0,0.05272703482647256,0.0,0.0,0.1639745164939012,0.0,0.10628768594961335,0.07916799301309618,0.41216226287782654,0.22731609354479654,0.3618975607307806,0.0,0.0
JarvanIV,0.02268502477391636,0.11946340970563807,0.2179526125341556,0.7854753518742168,0.5785557283797094,0.38640474344157405,0.3701202388995155,0.8774516153798437,0.1869512990410547,0.6082595794041535,0.3647956690251307,0.3632012792594134,0.276074000555117,0.25799198617393754,0.2655775606119694,9.454900196204513e-05,0.1299017543915546,7.795800793434323e-05,0.0,0.538489459841744,0.6369149544562008,0.5937565580695102,0.5324343391607389,0.6113149883890219,0.9842061989231361,0.15447215138828552,0.16800815321568635,0.3003674688580852,0.5013714916371799,0.00034962082938464796,0.20851458620408833,0.4507944058017569,0.6428394872483765,0.15993596889187067,0.2961990024131528,0.2021333367435567,0.29015166267995474,0.2780657357155924
Karthus,0.003371534010317949,0.07970851101962109,0.04057942649407573,0.48561934331033396,0.9761623984202283,0.8481685065796449,0.13496265916278627,1.0,0.5925899577641898,0.09311622899312713,0.732405721885019,0.5772610265434728,0.6176167612934051,1.0000000000000002,1.0,0.0,0.11152646593809945,0.0015385689370067696,0.005816975824348839,1.0,0.6796349714289885,0.6267535344285139,0.0005707284433759242,0.8316580724183473,0.8714056682216391,0.5151476299465837,0.097820276480091,0.3889108123070918,0.15716560393352397,0.005139716337231427,0.5459257974768469,0.08000823535203894,0.016926170699864018,0.5166781831078842,0.13153243442714474,0.45194266523835647,1.0,0.0
Kayn,0.002264068242354766,0.061699296005314826,0.08612364116792509,0.1817318955034437,0.6995229582204661,0.6708309237760683,0.07067989606810532,0.3649087062188139,0.3378128954431966,0.3449803175533931,0.6470394033933243,0.5985410831494202,0.42096803454787857,0.40639797730302446,0.4451474838612968,0.0,0.2683444518592603,0.0,0.0,0.7024741238554335,0.8264065175696796,0.85074246677969,0.27940712253331507,0.09842639534475306,0.2009391113329979,0.2843908671098531,0.38027517110060166,0.5780913268406643,0.4812363204175636,0.0021629063384465824,0.5286300755063483,0.6204871421873309,0.4796494195548652,0.2871531597440171,0.21150666793465933,0.12036642130892239,0.4489108868050038,0.17265845533072807
Khazix,0.0006366799723141397,0.01603328388479351,0.05995827477525453,0.10791184502055029,0.5240098386522545,0.7523525791949128,0.2048775692791318,0.3572407829232431,0.4087764228621551,0.2026632703176451,0.7541953688765238,0.7077074749951913,0.49429060173177075,0.431597467776269,0.4560862294584867,2.2159295503235728e-05,0.21877256446697707,1.8266956377996956e-05,0.0,0.5533211286533628,0.7302279390346701,0.7002077542508099,0.0002577340887966015,0.37685986059482635,0.2128478227154278,0.3458946588901147,0.4195876278103667,0.49911807356379156,0.15303747790813704,0.205275585413605,0.7200115557162025,0.6266443309250852,0.19186055150055814,0.4825406840281654,0.28368946059422884,0.3523906652062725,0.48400918983923513,0.019566290104577624
Kindred,0.0009263985652203906,0.02660353186211719,0.05429035014767633,0.1877625197112649,0.6781539068072122,0.7734518139751736,0.19621189841691167,0.49395925399707075,0.506819691560429,0.12033915465894882,0.7430338105679254,0.7058824231908514,0.5702287903864434,0.5791028607412902,0.5744015599095584,0.0,0.2026962258553669,0.21779126029960677,0.8239202986827956,0.6243405189645881,0.671018341977854,0.5568973455797862,0.00030491573697214456,0.7147315974800585,0.597276724927787,0.45060856550281847,0.3684720609119593,0.35433880524012273,0.2729383761397338,0.29494093122722775,0.43452602954476216,1.0,0.2027816008038662,0.29711358610604055,0.2156262627774369,0.4554677962028282,0.6508181738376229,0.003163316626489308
LeeSin,0.0029742987808254067,0.08624189105807412,0.21542566886717346,0.3187500213249934,0.4967416131323903,0.5925252916251258,0.2930155986590315,0.4649801690559152,0.31430193830086073,0.47674436193706704,0.5979127130255544,0.6065268063961238,0.42094777572371855,0.30701840055287016,0.30166783606861264,0.08112762148350547,0.21088185408664722,0.06685166178490866,6.932822800503938e-05,0.46362182863828116,0.7651553179846632,0.6952946973068218,0.31298413500534283,0.49810618441341714,0.5523960301635045,0.26517104085714555,0.24703769008849677,0.4118423348195134,0.3557977967042365,0.19151939641879454,0.3408417183309381,0.45474588082932244,0.5689790863571672,0.0,0.15118583128917634,0.28623831976841063,0.3703728056176979,0.09394444738314711
Lillia,0.01359724612736661,0.11943322350575092,0.18116178853028886,0.3259687509592083,0.3349455357275142,0.527715978730215,0.4072729250507414,0.39891714357737884,0.37664357170830387,0.2769784191798662,0.5448861722904862,0.6011099402050111,0.4766087753296222,0.5162523023265446,0.5396105140752361,0.0,0.38693238982087025,0.00042968510920390017,0.0016250414327135714,0.34931216171408863,0.9482329764373004,0.9854656764625996,0.28995229854927596,0.326967522987049,0.36311201472444,0.327969406320959,0.3017977729004678,0.371513436315569,0.23167824338025622,0.1157789455851416,0.3673514214491035,0.053795532231433185,0.48539540455582897,0.2966561306269484,0.2762731185754437,0.26933966307085644,0.5710711124880752,0.0659790278650463
MasterYi,0.0,0.0074004616086699865,0.05273162711512122,0.0,0.7254268379474718,1.0,0.1662750711037294,0.49720109774330856,0.9999999999999999,0.27653327094578684,0.987313740153961,0.8878370805224531,1.0,0.5816135448234427,0.5494873436519805,4.5230393451973e-05,0.1540385450037916,3.7292126354223086e-05,0.0,0.7199123003765224,0.7078606904635777,0.5794485594205251,0.000486939053664714,0.9345974801028882,0.42097048903990286,1.0,1.0,1.0,0.4253366321019336,0.0,0.9318980361851465,0.4869968216387214,0.19611042364244935,0.7690908366137559,0.19228784499117757,0.5986601975725729,0.6650008918435342,0.06716912577025998
MonkeyKing,0.003299916457811195,0.07122444969877484,0.02209323363476058,0.2783019815183898,0.4814065698074823,0.63580716028218,0.2682113978061531,0.4592112996227722,0.4223709030310976,0.4357418858115766,0.6200615210820677,0.6169870609652961,0.4912420347446316,0.37655299928027913,0.41055007561133655,0.0,0.1549324961292144,0.0,0.0,0.5319607326193425,0.7620467663676939,0.7770247613841027,0.4911910569902628,0.41506681001382284,0.3176314073189692,0.35777339307966394,0.4280074872070495,0.5635134776530241,0.5052170467690369,3.83279189044709e-05,0.44035499984720905,0.28363034221731576,0.5043292729911139,0.48696795001766535,1.0,0.43115658996644246,0.40867694545912203,0.1652643414013368
Nidalee,0.0,0.0065540440987194165,0.0,0.32659360762171996,0.31191926005409587,0.6604676062537731,0.49192781865677415,0.5558722228141182,0.39672698330996525,0.15277250706025788,0.7031414916489159,0.7164873730551284,0.46531751754720974,0.4479772690676224,0.41472157964773,9.317529947364552e-06,0.33120070244029415,0.26434222469474283,1.0,0.28782943451310206,0.7632991227198643,0.6719135469686163,0.0003886417162800172,0.6117347404553672,0.6813396686419004,0.33182058437747747,0.3023111560322751,0.33208557209695416,0.13539739551100227,0.17055512490422986,0.43631710322328865,0.6769202647218734,0.25903094285489936,0.06342621342439347,0.0,0.47201977570100384,0.521607984594028,0.002411199386624717
Nocturne,1.0,1.0,0.27026394187748,0.386562634617722,0.5624479231150916,0.5195990191208936,0.230986126315337,0.47439517758787675,0.2529330773167573,0.32485532780224813,0.47375678834071633,0.48741588301260114,0.35225994619539813,0.32173251612746084,0.34916801154993143,0.0,0.24556372350894146,0.0,0.0,0.6103576458860063,0.8561067009211404,0.885186286016494,0.3922045491686881,0.3868963720597469,0.30539397894521114,0.2080513953847899,0.2068860508856373,0.41550448769403303,0.31404975205455643,0.24763134724295166,0.3736936482420463,0.4124988272025135,0.2623515349641894,0.37105097751386973,0.32083341937348997,0.31048305822483435,0.349416765804616,0.08215672668052648
Nunu,0.09325942244145395,0.1805457000825254,0.148922666653181,0.7721548525358168,0.5552686901292114,0.2678651516541688,0.36453778675459314,0.7192829298073424,0.11144199568773058,0.4642625395333103,0.21369422885706058,0.22152034512992952,0.178036011926628,0.19179346427762395,0.1969890917098644,0.0032662394948360924,0.31758472034023133,0.007499680476481647,0.018184792841946424,0.528210932854078,0.8507055049547713,0.8519065009827212,0.7627536686912574,0.5861785102526151,0.6685664245307823,0.09095020638894788,0.14026599538572715,0.13727599582235284,0.5035468184602474,1.0,0.10790593875868257,0.1917146223595909,0.7196090101572299,1.0,0.33879531592564494,0.6301841680379008,0.1962603694230669,0.21229817104740345
Rammus,0.2867260744453727,0.23985241277131114,0.2613704239997262,0.7444255656182324,0.28519436840119305,0.2112222440051421,0.5159175258222701,0.6132983270355878,0.03035552943213636,1.0,0.1614257115858152,0.20651781873955283,0.09490064846224078,0.17380157771801558,0.1893930698355381,9.42864345085209e-05,0.16146328498784845,0.01982210284197086,0.07455803855638331,0.2454939689935427,0.7006001045419658,0.6736620539173498,0.9961846605156037,0.3863359442993908,0.5543605295869285,0.020952814775062556,0.04205255229393415,0.16030120665924064,0.784820211091104,1.0859577022933421e-05,0.1382094162618421,0.5779565087876078,0.989917101504507,0.5451998814354693,0.09064406984472234,0.20262582322133804,0.19163303160215783,0.7023734509556815
RekSai,0.054435279573597076,0.15478425057191994,0.10640180093822951,0.42843270032643743,0.42711018172700044,0.7232860945596906,0.5302284555450818,0.7728128231424782,0.28029224780386486,0.3520945372469484,0.7083327569060779,0.7399510407272833,0.3857795634716079,0.340815445276132,0.3560656309675158,0.0,0.3790047834037846,0.0,0.0,0.4349627013115158,0.932977755279763,0.9264542638785581,0.9368453386109544,0.5934810300296285,0.5876141914824888,0.22639687040828338,0.2821703893224288,0.5202100131314134,0.4388712304991196,0.16772163009915667,0.36789736871160317,0.704569925496629,0.5968676236633859,0.6538259014891663,0.4348801572400328,0.3533310582213218,0.36045222950069566,0.1672891434278173
Rengar,0.002056567079613494,0.059324692542369224,0.07094705632704712,0.1266827850386264,0.8197656519258709,0.7163369953384493,0.04178283972395791,0.3412043603678625,0.36125272592316193,0.19166333275238853,0.656814974910835,0.6079704601081601,0.41179950616345806,0.3937773199175288,0.4190474646100191,0.0,0.24984614890870183,0.0,0.0,0.8883409880679016,0.799103603945717,0.7731142029545724,0.2151980138281379,0.42568584388443687,0.1842571216144293,0.29427937621246925,0.3694336546055169,0.598179454824231,0.17798723427532404,0.00818714791564005,0.8580161964067201,0.4899682215536493,0.207533966845045,0.29792554628939794,0.13648777505706305,0.0,0.4312302701058146,0.028089736235220736
Sejuani,0.055346954475103724,0.1677211809874944,0.12917599622709816,0.739441182060453,0.2945210377064942,0.20055309488829354,0.541557214418245,0.5941762782282476,0.08998980815388893,0.7408287555485711,0.16400439491786828,0.2074499439342931,0.17600313549152213,0.1885647759852575,0.2108487931245066,0.016008567959200953,0.14084311516377251,0.0355198399375553,0.08435827153709767,0.2781738752620151,0.738248286147439,0.7776202328413956,0.8799443677316645,0.39129031334772924,0.47554531974811054,0.07226999525989417,0.11372538265525166,0.1661012807357049,0.7596043382448552,0.055713201486718114,0.06221019950505133,0.08053100090454002,0.9459994901999262,0.5550794728017059,0.6668458272150503,0.5491383492094775,0.20004057890199078,0.6929628444264336
Shaco,0.03860128165766284,0.1429754436817997,0.3592287621429714,0.3604968912939601,0.46160238939651,0.8062270949414521,0.47418047647082906,0.7750720257719554,0.32115411923638293,0.10589863848876171,0.827000373832297,0.8027662376279983,0.4255258151353738,0.3980800080366023,0.4480886004588341,0.0,0.10870943179106635,0.0012935901374184536,0.004891062869722581,0.5404518653876738,0.5209574759239693,0.5187454778904227,0.27094042239349314,0.550356937888044,0.5260942380394416,0.2667582687745172,0.016108541765044015,0.5539006706999611,0.28390219199615274,0.002957560042900903,0.6307238402525945,0.8781354597820289,0.2505456947430127,0.7321961736316522,0.27290334101986635,0.39703044941655485,0.41479315143692763,0.023965352721969386
Shyvana,0.0,0.0065779312154021635,0.021754823742751492,0.1638175230837713,0.2899292507631026,0.38206405674465205,0.2373543424965151,0.0,0.26148642909560615,0.36385047905048673,0.4068748799370192,0.43567780648416937,0.37384858633164963,0.48547971760471903,0.5085847752893757,0.0,0.256149866666229,0.0012029530649383172,0.004546337909290265,0.3752930419905418,0.9083936027919225,0.917186342501579,0.14192202342950694,0.0,0.0,0.23383087422092125,0.28527333850052905,0.31031133220918033,0.18923990682034642,0.16535742188107933,0.29210867839988763,0.14154658176943702,0.4148094643513949,0.18195472859940898,0.5048897158781946,0.4104714123534905,0.5560793859203403,0.06584751102709514
Skarner,0.22144176230048807,0.22435207793795364,0.28844423541848435,0.6422896191038012,0.3320102401754892,0.3290061233068571,0.4716029056167921,0.6085160921952175,0.12382155330070946,0.8499296288020914,0.3233683010594324,0.37493917021066175,0.22054287838937436,0.33660157806412466,0.3411338090671499,0.000539395226028207,0.14398740346722427,0.0008439034882479745,0.0015093993573845185,0.30211830134602136,0.9057930793613661,0.9040309613452572,0.6591384009964294,0.3267314827538823,0.6462042263474972,0.10085652155678046,0.117974896364703,0.24591365110995095,0.6904315644306493,0.029074909975726496,0.1435605218279661,0.10838286651615636,0.9924766759017913,0.20558982385334623,0.20865485747402762,0.2978737372142437,0.3614710748870229,1.0
Taliyah,0.0603669499836548,0.14641967534222153,0.34312910724439155,0.47657360681536987,0.4931847260664326,0.6583365292064487,0.38891743547099145,0.7639455009718774,0.3688382587965119,0.0,0.639636192963455,0.6776357498419459,0.4662722704852218,0.6011778079707639,0.614495691315379,0.0,0.029220467970222014,0.003690729750991302,0.013956833712360476,0.4887194995111048,0.37732609789255067,0.31172305700211356,0.6555329138969559,1.0,0.7797969143079957,0.3191591873586815,0.22326872199096437,0.2647384253571353,0.04646792656079335,0.9197506955685392,0.27039989009515053,0.15524463806970512,0.0,0.7645701027373235,0.18384060926306828,0.3220682789797018,0.6830852705226331,0.0031232021040519435
Talon,0.0,0.0,0.09036077577946819,0.14460882835646638,0.4901818345873985,0.9827906175745142,0.3982384933950891,0.679549060113875,0.5861757524357987,0.22871328152454876,1.0,1.0,0.6282553316778741,0.5703409856927366,0.5867702612809533,0.0,0.17845765206270653,0.0,0.0,0.554737622094865,0.7855320097323458,0.7391041970475557,0.0,0.16409354069701454,0.5111295004328631,0.504678553070942,0.2831621284046036,0.7238850358606432,0.16996008278225638,0.4319062146305655,1.0000000000000002,0.8258538291176128,0.3208409374703405,0.3766578732145627,0.4520810911658859,0.38035752835735304,0.6135013665232658,0.03584892849868318
Udyr,0.08668383286984586,0.1703656923625036,1.0,0.3626226328222608,0.33285529738145736,0.4431798130051069,0.4034425070593144,0.35056947204006006,0.2502226572118902,0.7452586241262117,0.4335478041529187,0.5046931307064904,0.33311773956967605,0.4382033813805804,0.45298254705197555,1.437246413494278e-05,0.21541848069692854,9.481093959724691e-05,0.0003134274704153133,0.3996074821637572,0.760629480005168,0.7344695239910103,0.6278226428274393,0.1822132408169106,0.24146222716652543,0.20880645376499896,0.22817260253748745,0.3296813917601772,0.5529351139799197,8.033111770389106e-06,0.40262653072581045,0.3288534283300891,0.8080263172734392,0.6550865981507106,0.1867192562962301,0.417398342804149,0.4677157636028024,0.6455188129580236
Vi,0.02017867316083715,0.13693437314348003,0.07832113584785147,0.317680942658375,0.56105250807294,0.40380222821491896,0.12699273036020298,0.24148723638759462,0.1965403158359836,0.5145251863979935,0.3847129783089517,0.3580125945318949,0.2772727088191196,0.22042494803198281,0.23181576931343545,0.0,0.11512430908216498,0.00017350198288222933,0.0006564317005435851,0.536699647624405,0.6518538768281786,0.6002785899261861,0.8706971529029052,0.4577919183969843,0.22664541289911577,0.16223855886722102,0.1744701688333711,0.27675979748265345,0.4169613820400435,0.00021972333193778695,0.1864327815324762,0.0778010058641927,0.48681339674386426,0.2389985525018834,0.35367549880265625,0.3067578279041412,0.24968230801770164,0.11770909245446058
Viego,0.0012669691795360422,0.07332792429969573,0.04028119694588686,0.17851036306925472,0.4916542266722361,0.6387725935414195,0.24814451451459696,0.32262416251516957,0.5022800768705885,0.27468764676428237,0.6568313913917819,0.6721573884662346,0.6079225794056451,0.31036287282195657,0.3103686516786716,0.0026110017077303834,0.2505956784268647,0.004603103233526985,0.009239997284080238,0.4950744126304656,0.8156085227857154,0.7650699617956686,0.6760467450881714,0.5482835437066547,0.3847567966694547,0.4511209843319637,0.4244842052285278,0.44884248429734264,0.36455557251044923,0.14009336704661418,0.32191168113055435,0.22859197190536917,0.4220841761618317,0.18962661527767066,0.3187493475737932,0.45119675043318996,0.3702198870820633,0.10209931856939894
Volibear,0.05296019769703981,0.1457223932131138,0.2671366612750823,0.3417508948459014,0.4109141334918269,0.44228245956284273,0.3048675053223808,0.3205403068266923,0.2088739935801275,0.6450701803428983,0.42393292901652824,0.46247196745810765,0.3144812796077059,0.295224301125455,0.3044623425997422,0.00014167596864410594,0.21672493758389305,0.00019324824192655486,0.00028922257812375113,0.419972564556913,0.8211876225089699,0.8096463613061154,0.7484779411104764,0.34036590041811987,0.2767114998552551,0.17839267503479958,0.2008051740095735,0.3467201720278431,0.6479420786227614,1.0252048238433648e-05,0.30378151108491425,0.46541461219745417,0.7470413626916534,0.3661035239009913,0.42292006525285475,0.3833940889844558,0.32683275456786665,0.4742025460361944
Warwick,0.04237662501577686,0.1487394395932352,0.09418248227451997,0.2927805158300759,0.633612098462015,0.7025428251020773,0.28811526326224146,0.5580512140012401,0.30170685032510647,0.44524224183431493,0.6983734481855762,0.7022007993147275,0.4169210026558374,0.27082737755969305,0.29588140293972504,8.960508546503696e-05,0.36320153704652475,7.380051114342798e-05,0.0,0.6276464065566012,0.913733001416846,0.9577151710834663,0.7598293729650102,0.4482314931344742,0.4120640103353934,0.2455957251800196,0.2858913961323744,0.44042768362079887,0.3983856746520664,0.0,0.5664159898307416,0.5744642891584856,0.46622314409893295,0.6453658307668144,0.3328893166054432,0.4828475028422472,0.2958804224335482,0.19017829214888957
XinZhao,0.010234200365779315,0.11372399184739934,0.21005859956591733,0.3637358050611088,0.6454255362040484,0.5126397116676072,0.2161412226002274,0.4341748279881785,0.2849039998703261,0.36646828960995104,0.4585080155805795,0.47145427108580334,0.39112071683759875,0.4227426748963072,0.4131612275453697,0.0,0.3326692050593331,0.0,0.0,0.5774705441866441,0.9654762345034474,0.9400255253534674,0.5682355545085296,0.5506139298567496,0.36051750553189077,0.24218115499960902,0.32753177625843166,0.3807686274782074,0.6333504237949081,2.228781432916234e-05,0.3206789462151687,0.19263662959205852,0.6014780392421544,0.34556069066530926,0.009451054847669865,0.2895741542801469,0.47517515392746357,0.1368722219383845
Zac,0.2400206644745569,0.23116411749021504,0.2069908695420809,0.651731788835767,0.2757849339581644,0.38973399311971746,0.657072575192774,0.693692613087427,0.19675576479305787,0.6305308590377198,0.3929848083210896,0.5022475773194977,0.25261195469936415,0.3546373612166079,0.3614627221925854,5.5133702799037556e-05,0.9999999999999998,0.015463757756528623,0.05824574280165193,0.3028188781464263,0.9687489288154801,0.9999999999999999,1.0000000000000002,0.4396859567845117,0.6185214895973106,0.15571864786528847,0.22291080696463134,0.32344433231536474,1.0,0.139751866458612,0.2552783012812566,0.6005268581926261,1.0000000000000002,0.5939453817578944,0.10977111516038296,0.26927264723780664,0.37723258505656765,0.5250459425731
